htsfFile,baseName,techName,fastqName,readNum
/proj/droniolb/HTSF/220720_UNC41-A00434_0512_AHNHWCDSX3/K9R-FAIRE/A06_HP1wt_df_1-HP1wt_df_1_3WLtlRNA_ACGCTTCT-GACTTAGG_S55_L002_R1_001.fastq.gz,hp1control-3LW-wing-rna,hp1control-3LW-wing-rna_rep1,hp1control-3LW-wing-rna_rep1_R1,R1
/proj/droniolb/HTSF/220720_UNC41-A00434_0512_AHNHWCDSX3/K9R-FAIRE/B06_HP1wt_df_2-HP1wt_df_2_3WLtlRNA_CTATCCAC-TGTGCGTT_S62_L002_R1_001.fastq.gz,hp1control-3LW-wing-rna,hp1control-3LW-wing-rna_rep2,hp1control-3LW-wing-rna_rep2_R1,R1
/proj/droniolb/HTSF/220720_UNC41-A00434_0512_AHNHWCDSX3/K9R-FAIRE/D07_HP1wt_df_4-HP1wt_df_4_3WLtlRNA_TAGTGCCA-TCTTGACG_S78_L002_R1_001.fastq.gz,hp1control-3LW-wing-rna,hp1control-3LW-wing-rna_rep3,hp1control-3LW-wing-rna_rep3_R1,R1
/proj/droniolb/HTSF/220720_UNC41-A00434_0512_AHNHWCDSX3/K9R-FAIRE/C06_V26M_1-V26M_1_3WLtlRNA_TGACAACC-CTGTTGAC_S70_L002_R1_001.fastq.gz,hp1chromo-3LW-wing-rna,hp1chromo-3LW-wing-rna_rep1,hp1chromo-3LW-wing-rna_rep1_R1,R1
/proj/droniolb/HTSF/220720_UNC41-A00434_0512_AHNHWCDSX3/K9R-FAIRE/D06_V26M_2-V26M_2_3WLtlRNA_CAGTGCTT-TGAGGTGT_S77_L002_R1_001.fastq.gz,hp1chromo-3LW-wing-rna,hp1chromo-3LW-wing-rna_rep2,hp1chromo-3LW-wing-rna_rep2_R1,R1
/proj/droniolb/HTSF/220720_UNC41-A00434_0512_AHNHWCDSX3/K9R-FAIRE/E07_V26M_5-V26M_5_3WLtlRNA_TCGTGCAT-TGGTACAG_S86_L002_R1_001.fastq.gz,hp1chromo-3LW-wing-rna,hp1chromo-3LW-wing-rna_rep3,hp1chromo-3LW-wing-rna_rep3_R1,R1
/proj/droniolb/HTSF/220720_UNC41-A00434_0512_AHNHWCDSX3/K9R-FAIRE/F07_V26M_6-V26M_6_3WLtlRNA_CTACATCC-CTAGGTGA_S94_L002_R1_001.fastq.gz,hp1chromo-3LW-wing-rna,hp1chromo-3LW-wing-rna_rep4,hp1chromo-3LW-wing-rna_rep4_R1,R1
/proj/droniolb/HTSF/220720_UNC41-A00434_0512_AHNHWCDSX3/K9R-FAIRE/A06_HP1wt_df_1-HP1wt_df_1_3WLtlRNA_ACGCTTCT-GACTTAGG_S55_L002_R2_001.fastq.gz,hp1control-3LW-wing-rna,hp1control-3LW-wing-rna_rep1,hp1control-3LW-wing-rna_rep1_R2,R2
/proj/droniolb/HTSF/220720_UNC41-A00434_0512_AHNHWCDSX3/K9R-FAIRE/B06_HP1wt_df_2-HP1wt_df_2_3WLtlRNA_CTATCCAC-TGTGCGTT_S62_L002_R2_001.fastq.gz,hp1control-3LW-wing-rna,hp1control-3LW-wing-rna_rep2,hp1control-3LW-wing-rna_rep2_R2,R2
/proj/droniolb/HTSF/220720_UNC41-A00434_0512_AHNHWCDSX3/K9R-FAIRE/D07_HP1wt_df_4-HP1wt_df_4_3WLtlRNA_TAGTGCCA-TCTTGACG_S78_L002_R2_001.fastq.gz,hp1control-3LW-wing-rna,hp1control-3LW-wing-rna_rep3,hp1control-3LW-wing-rna_rep3_R2,R2
/proj/droniolb/HTSF/220720_UNC41-A00434_0512_AHNHWCDSX3/K9R-FAIRE/C06_V26M_1-V26M_1_3WLtlRNA_TGACAACC-CTGTTGAC_S70_L002_R2_001.fastq.gz,hp1chromo-3LW-wing-rna,hp1chromo-3LW-wing-rna_rep1,hp1chromo-3LW-wing-rna_rep1_R2,R2
/proj/droniolb/HTSF/220720_UNC41-A00434_0512_AHNHWCDSX3/K9R-FAIRE/D06_V26M_2-V26M_2_3WLtlRNA_CAGTGCTT-TGAGGTGT_S77_L002_R2_001.fastq.gz,hp1chromo-3LW-wing-rna,hp1chromo-3LW-wing-rna_rep2,hp1chromo-3LW-wing-rna_rep2_R2,R2
/proj/droniolb/HTSF/220720_UNC41-A00434_0512_AHNHWCDSX3/K9R-FAIRE/E07_V26M_5-V26M_5_3WLtlRNA_TCGTGCAT-TGGTACAG_S86_L002_R2_001.fastq.gz,hp1chromo-3LW-wing-rna,hp1chromo-3LW-wing-rna_rep3,hp1chromo-3LW-wing-rna_rep3_R2,R2
/proj/droniolb/HTSF/220720_UNC41-A00434_0512_AHNHWCDSX3/K9R-FAIRE/F07_V26M_6-V26M_6_3WLtlRNA_CTACATCC-CTAGGTGA_S94_L002_R2_001.fastq.gz,hp1chromo-3LW-wing-rna,hp1chromo-3LW-wing-rna_rep4,hp1chromo-3LW-wing-rna_rep4_R2,R2